{"cameraMode":{"drawMode":0,"name":"Shaded","section":"Shading Mode"},"sceneLighting":true,"audioPlay":false,"sceneViewState":{"m_AlwaysRefresh":false,"showFog":true,"showSkybox":true,"showFlares":true,"showImageEffects":true,"showParticleSystems":true,"showVisualEffectGraphs":true,"m_FxEnabled":true},"in2DMode":false,"pivot":{"x":378.71624755859377,"y":249.93360900878907,"z":-429.4499206542969},"rotation":{"x":0.0011820037616416813,"y":0.11881599575281143,"z":0.00014122275752015412,"w":-0.9929190278053284},"size":156.63104248046876,"orthographic":true}