{"cameraMode":{"drawMode":0,"name":"Shaded","section":"Shading Mode"},"sceneLighting":true,"audioPlay":false,"sceneViewState":{"m_AlwaysRefresh":false,"showFog":true,"showSkybox":true,"showFlares":true,"showImageEffects":true,"showParticleSystems":true,"showVisualEffectGraphs":true,"m_FxEnabled":true},"in2DMode":false,"pivot":{"x":378.71624755859377,"y":249.93360900878907,"z":-429.4499206542969},"rotation":{"x":-0.000909263442736119,"y":0.9931705594062805,"z":-0.007756438571959734,"w":-0.11643137037754059},"size":1498.5732421875,"orthographic":true}