{"cameraMode":{"drawMode":0,"name":"Shaded","section":"Shading Mode"},"sceneLighting":true,"audioPlay":false,"sceneViewState":{"m_AlwaysRefresh":false,"showFog":true,"showSkybox":true,"showFlares":true,"showImageEffects":true,"showParticleSystems":true,"showVisualEffectGraphs":true,"m_FxEnabled":true},"in2DMode":false,"pivot":{"x":-2.864506721496582,"y":-2.5068423748016359,"z":-10.433445930480957},"rotation":{"x":-0.09167893975973129,"y":-0.00687363650649786,"z":0.0006334789795801044,"w":-0.995768666267395},"size":2.1629550457000734,"orthographic":false}